Workbook

Sheet Results
A1: Highlights with Gold (1st), Silver (2nd) and Bronze (3rd)
A2: Team | B2: Enter Team Name | C2: Judge1 | D2: Judge2 | E2: Judge3 | F2: Judge4 | G2: Judge5 | H2: Judge6 | I2: Judge7 | J2: Judge8 | K2: Total
A3: 1 | C3: =SUM(_xlfn.XLOOKUP(Table2[[#This Row],[Team]],Judge1[Team],Judge1[Transformational Value]):_xlfn.XLOOKUP(Table2[[#This Row],[Team]],Judge1[Team],Judge1[Would you sponsor it?])) -> 0 | D3: =SUM(_xlfn.XLOOKUP(Table2[[#This Row],[Team]],Judge2[Team],Judge2[Transformational Value]):_xlfn.XLOOKUP(Table2[[#This Row],[Team]],Judge2[Team],Judge2[Would you sponsor it?])) -> 0 | E3: =SUM(_xlfn.XLOOKUP(Table2[[#This Row],[Team]],Judge3[Team],Judge3[Transformational Value]):_xlfn.XLOOKUP(Table2[[#This Row],[Team]],Judge3[Team],Judge3[Would you sponsor it?])) -> 0 | F3: =SUM(_xlfn.XLOOKUP(Table2[[#This Row],[Team]],Judge4[Team],Judge4[Transformational Value]):_xlfn.XLOOKUP(Table2[[#This Row],[Team]],Judge4[Team],Judge4[Would you sponsor it?])) -> 0 | K3: =(SUM(Table2[[#This Row],[Judge1]:[Judge2]])) / Config!$D$3 -> 0
A4: 2 | C4: =SUM(_xlfn.XLOOKUP(Table2[[#This Row],[Team]],Judge1[Team],Judge1[Transformational Value]):_xlfn.XLOOKUP(Table2[[#This Row],[Team]],Judge1[Team],Judge1[Would you sponsor it?])) -> 0 | D4: =SUM(_xlfn.XLOOKUP(Table2[[#This Row],[Team]],Judge2[Team],Judge2[Transformational Value]):_xlfn.XLOOKUP(Table2[[#This Row],[Team]],Judge2[Team],Judge2[Would you sponsor it?])) -> 0 | E4: =SUM(_xlfn.XLOOKUP(Table2[[#This Row],[Team]],Judge3[Team],Judge3[Transformational Value]):_xlfn.XLOOKUP(Table2[[#This Row],[Team]],Judge3[Team],Judge3[Would you sponsor it?])) -> 0 | F4: =SUM(_xlfn.XLOOKUP(Table2[[#This Row],[Team]],Judge4[Team],Judge4[Transformational Value]):_xlfn.XLOOKUP(Table2[[#This Row],[Team]],Judge4[Team],Judge4[Would you sponsor it?])) -> 0 | K4: =(SUM(Table2[[#This Row],[Judge1]:[Judge2]])) / Config!$D$3 -> 0
A5: 3 | C5: =SUM(_xlfn.XLOOKUP(Table2[[#This Row],[Team]],Judge1[Team],Judge1[Transformational Value]):_xlfn.XLOOKUP(Table2[[#This Row],[Team]],Judge1[Team],Judge1[Would you sponsor it?])) -> 0 | D5: =SUM(_xlfn.XLOOKUP(Table2[[#This Row],[Team]],Judge2[Team],Judge2[Transformational Value]):_xlfn.XLOOKUP(Table2[[#This Row],[Team]],Judge2[Team],Judge2[Would you sponsor it?])) -> 0 | E5: =SUM(_xlfn.XLOOKUP(Table2[[#This Row],[Team]],Judge3[Team],Judge3[Transformational Value]):_xlfn.XLOOKUP(Table2[[#This Row],[Team]],Judge3[Team],Judge3[Would you sponsor it?])) -> 0 | F5: =SUM(_xlfn.XLOOKUP(Table2[[#This Row],[Team]],Judge4[Team],Judge4[Transformational Value]):_xlfn.XLOOKUP(Table2[[#This Row],[Team]],Judge4[Team],Judge4[Would you sponsor it?])) -> 0 | K5: =(SUM(Table2[[#This Row],[Judge1]:[Judge2]])) / Config!$D$3 -> 0
A6: 4 | C6: =SUM(_xlfn.XLOOKUP(Table2[[#This Row],[Team]],Judge1[Team],Judge1[Transformational Value]):_xlfn.XLOOKUP(Table2[[#This Row],[Team]],Judge1[Team],Judge1[Would you sponsor it?])) -> 0 | D6: =SUM(_xlfn.XLOOKUP(Table2[[#This Row],[Team]],Judge2[Team],Judge2[Transformational Value]):_xlfn.XLOOKUP(Table2[[#This Row],[Team]],Judge2[Team],Judge2[Would you sponsor it?])) -> 0 | E6: =SUM(_xlfn.XLOOKUP(Table2[[#This Row],[Team]],Judge3[Team],Judge3[Transformational Value]):_xlfn.XLOOKUP(Table2[[#This Row],[Team]],Judge3[Team],Judge3[Would you sponsor it?])) -> 0 | F6: =SUM(_xlfn.XLOOKUP(Table2[[#This Row],[Team]],Judge4[Team],Judge4[Transformational Value]):_xlfn.XLOOKUP(Table2[[#This Row],[Team]],Judge4[Team],Judge4[Would you sponsor it?])) -> 0 | K6: =(SUM(Table2[[#This Row],[Judge1]:[Judge2]])) / Config!$D$3 -> 0
A7: 5 | C7: =SUM(_xlfn.XLOOKUP(Table2[[#This Row],[Team]],Judge1[Team],Judge1[Transformational Value]):_xlfn.XLOOKUP(Table2[[#This Row],[Team]],Judge1[Team],Judge1[Would you sponsor it?])) -> 0 | D7: =SUM(_xlfn.XLOOKUP(Table2[[#This Row],[Team]],Judge2[Team],Judge2[Transformational Value]):_xlfn.XLOOKUP(Table2[[#This Row],[Team]],Judge2[Team],Judge2[Would you sponsor it?])) -> 0 | E7: =SUM(_xlfn.XLOOKUP(Table2[[#This Row],[Team]],Judge3[Team],Judge3[Transformational Value]):_xlfn.XLOOKUP(Table2[[#This Row],[Team]],Judge3[Team],Judge3[Would you sponsor it?])) -> 0 | F7: =SUM(_xlfn.XLOOKUP(Table2[[#This Row],[Team]],Judge4[Team],Judge4[Transformational Value]):_xlfn.XLOOKUP(Table2[[#This Row],[Team]],Judge4[Team],Judge4[Would you sponsor it?])) -> 0 | K7: =(SUM(Table2[[#This Row],[Judge1]:[Judge2]])) / Config!$D$3 -> 0
A8: 6 | C8: =SUM(_xlfn.XLOOKUP(Table2[[#This Row],[Team]],Judge1[Team],Judge1[Transformational Value]):_xlfn.XLOOKUP(Table2[[#This Row],[Team]],Judge1[Team],Judge1[Would you sponsor it?])) -> 0 | D8: =SUM(_xlfn.XLOOKUP(Table2[[#This Row],[Team]],Judge2[Team],Judge2[Transformational Value]):_xlfn.XLOOKUP(Table2[[#This Row],[Team]],Judge2[Team],Judge2[Would you sponsor it?])) -> 0 | E8: =SUM(_xlfn.XLOOKUP(Table2[[#This Row],[Team]],Judge3[Team],Judge3[Transformational Value]):_xlfn.XLOOKUP(Table2[[#This Row],[Team]],Judge3[Team],Judge3[Would you sponsor it?])) -> 0 | F8: =SUM(_xlfn.XLOOKUP(Table2[[#This Row],[Team]],Judge4[Team],Judge4[Transformational Value]):_xlfn.XLOOKUP(Table2[[#This Row],[Team]],Judge4[Team],Judge4[Would you sponsor it?])) -> 0 | K8: =(SUM(Table2[[#This Row],[Judge1]:[Judge2]])) / Config!$D$3 -> 0
A9: 7 | C9: =SUM(_xlfn.XLOOKUP(Table2[[#This Row],[Team]],Judge1[Team],Judge1[Transformational Value]):_xlfn.XLOOKUP(Table2[[#This Row],[Team]],Judge1[Team],Judge1[Would you sponsor it?])) -> 0 | D9: =SUM(_xlfn.XLOOKUP(Table2[[#This Row],[Team]],Judge2[Team],Judge2[Transformational Value]):_xlfn.XLOOKUP(Table2[[#This Row],[Team]],Judge2[Team],Judge2[Would you sponsor it?])) -> 0 | E9: =SUM(_xlfn.XLOOKUP(Table2[[#This Row],[Team]],Judge3[Team],Judge3[Transformational Value]):_xlfn.XLOOKUP(Table2[[#This Row],[Team]],Judge3[Team],Judge3[Would you sponsor it?])) -> 0 | F9: =SUM(_xlfn.XLOOKUP(Table2[[#This Row],[Team]],Judge4[Team],Judge4[Transformational Value]):_xlfn.XLOOKUP(Table2[[#This Row],[Team]],Judge4[Team],Judge4[Would you sponsor it?])) -> 0 | K9: =(SUM(Table2[[#This Row],[Judge1]:[Judge2]])) / Config!$D$3 -> 0
A10: 8 | C10: =SUM(_xlfn.XLOOKUP(Table2[[#This Row],[Team]],Judge1[Team],Judge1[Transformational Value]):_xlfn.XLOOKUP(Table2[[#This Row],[Team]],Judge1[Team],Judge1[Would you sponsor it?])) -> 0 | D10: =SUM(_xlfn.XLOOKUP(Table2[[#This Row],[Team]],Judge2[Team],Judge2[Transformational Value]):_xlfn.XLOOKUP(Table2[[#This Row],[Team]],Judge2[Team],Judge2[Would you sponsor it?])) -> 0 | E10: =SUM(_xlfn.XLOOKUP(Table2[[#This Row],[Team]],Judge3[Team],Judge3[Transformational Value]):_xlfn.XLOOKUP(Table2[[#This Row],[Team]],Judge3[Team],Judge3[Would you sponsor it?])) -> 0 | F10: =SUM(_xlfn.XLOOKUP(Table2[[#This Row],[Team]],Judge4[Team],Judge4[Transformational Value]):_xlfn.XLOOKUP(Table2[[#This Row],[Team]],Judge4[Team],Judge4[Would you sponsor it?])) -> 0 | K10: =(SUM(Table2[[#This Row],[Judge1]:[Judge2]])) / Config!$D$3 -> 0
A11: 9 | C11: =SUM(_xlfn.XLOOKUP(Table2[[#This Row],[Team]],Judge1[Team],Judge1[Transformational Value]):_xlfn.XLOOKUP(Table2[[#This Row],[Team]],Judge1[Team],Judge1[Would you sponsor it?])) -> 0 | D11: =SUM(_xlfn.XLOOKUP(Table2[[#This Row],[Team]],Judge2[Team],Judge2[Transformational Value]):_xlfn.XLOOKUP(Table2[[#This Row],[Team]],Judge2[Team],Judge2[Would you sponsor it?])) -> 0 | E11: =SUM(_xlfn.XLOOKUP(Table2[[#This Row],[Team]],Judge3[Team],Judge3[Transformational Value]):_xlfn.XLOOKUP(Table2[[#This Row],[Team]],Judge3[Team],Judge3[Would you sponsor it?])) -> 0 | F11: =SUM(_xlfn.XLOOKUP(Table2[[#This Row],[Team]],Judge4[Team],Judge4[Transformational Value]):_xlfn.XLOOKUP(Table2[[#This Row],[Team]],Judge4[Team],Judge4[Would you sponsor it?])) -> 0 | K11: =(SUM(Table2[[#This Row],[Judge1]:[Judge2]])) / Config!$D$3 -> 0
A12: 10 | C12: =SUM(_xlfn.XLOOKUP(Table2[[#This Row],[Team]],Judge1[Team],Judge1[Transformational Value]):_xlfn.XLOOKUP(Table2[[#This Row],[Team]],Judge1[Team],Judge1[Would you sponsor it?])) -> 0 | D12: =SUM(_xlfn.XLOOKUP(Table2[[#This Row],[Team]],Judge2[Team],Judge2[Transformational Value]):_xlfn.XLOOKUP(Table2[[#This Row],[Team]],Judge2[Team],Judge2[Would you sponsor it?])) -> 0 | E12: =SUM(_xlfn.XLOOKUP(Table2[[#This Row],[Team]],Judge3[Team],Judge3[Transformational Value]):_xlfn.XLOOKUP(Table2[[#This Row],[Team]],Judge3[Team],Judge3[Would you sponsor it?])) -> 0 | F12: =SUM(_xlfn.XLOOKUP(Table2[[#This Row],[Team]],Judge4[Team],Judge4[Transformational Value]):_xlfn.XLOOKUP(Table2[[#This Row],[Team]],Judge4[Team],Judge4[Would you sponsor it?])) -> 0 | K12: =(SUM(Table2[[#This Row],[Judge1]:[Judge2]])) / Config!$D$3 -> 0
A13: 11 | C13: =SUM(_xlfn.XLOOKUP(Table2[[#This Row],[Team]],Judge1[Team],Judge1[Transformational Value]):_xlfn.XLOOKUP(Table2[[#This Row],[Team]],Judge1[Team],Judge1[Would you sponsor it?])) -> 0 | D13: =SUM(_xlfn.XLOOKUP(Table2[[#This Row],[Team]],Judge2[Team],Judge2[Transformational Value]):_xlfn.XLOOKUP(Table2[[#This Row],[Team]],Judge2[Team],Judge2[Would you sponsor it?])) -> 0 | E13: =SUM(_xlfn.XLOOKUP(Table2[[#This Row],[Team]],Judge3[Team],Judge3[Transformational Value]):_xlfn.XLOOKUP(Table2[[#This Row],[Team]],Judge3[Team],Judge3[Would you sponsor it?])) -> 0 | F13: =SUM(_xlfn.XLOOKUP(Table2[[#This Row],[Team]],Judge4[Team],Judge4[Transformational Value]):_xlfn.XLOOKUP(Table2[[#This Row],[Team]],Judge4[Team],Judge4[Would you sponsor it?])) -> 0 | K13: =(SUM(Table2[[#This Row],[Judge1]:[Judge2]])) / Config!$D$3 -> 0
A14: 12 | C14: =SUM(_xlfn.XLOOKUP(Table2[[#This Row],[Team]],Judge1[Team],Judge1[Transformational Value]):_xlfn.XLOOKUP(Table2[[#This Row],[Team]],Judge1[Team],Judge1[Would you sponsor it?])) -> 0 | D14: =SUM(_xlfn.XLOOKUP(Table2[[#This Row],[Team]],Judge2[Team],Judge2[Transformational Value]):_xlfn.XLOOKUP(Table2[[#This Row],[Team]],Judge2[Team],Judge2[Would you sponsor it?])) -> 0 | E14: =SUM(_xlfn.XLOOKUP(Table2[[#This Row],[Team]],Judge3[Team],Judge3[Transformational Value]):_xlfn.XLOOKUP(Table2[[#This Row],[Team]],Judge3[Team],Judge3[Would you sponsor it?])) -> 0 | F14: =SUM(_xlfn.XLOOKUP(Table2[[#This Row],[Team]],Judge4[Team],Judge4[Transformational Value]):_xlfn.XLOOKUP(Table2[[#This Row],[Team]],Judge4[Team],Judge4[Would you sponsor it?])) -> 0 | K14: =(SUM(Table2[[#This Row],[Judge1]:[Judge2]])) / Config!$D$3 -> 0
... A22: 20 | C22: =SUM(_xlfn.XLOOKUP(Table2[[#This Row],[Team]],Judge1[Team],Judge1[Transformational Value]):_xlfn.XLOOKUP(Table2[[#This Row],[Team]],Judge1[Team],Judge1[Would you sponsor it?])) -> 0 | D22: =SUM(_xlfn.XLOOKUP(Table2[[#This Row],[Team]],Judge2[Team],Judge2[Transformational Value]):_xlfn.XLOOKUP(Table2[[#This Row],[Team]],Judge2[Team],Judge2[Would you sponsor it?])) -> 0 | E22: =SUM(_xlfn.XLOOKUP(Table2[[#This Row],[Team]],Judge3[Team],Judge3[Transformational Value]):_xlfn.XLOOKUP(Table2[[#This Row],[Team]],Judge3[Team],Judge3[Would you sponsor it?])) -> 0 | F22: =SUM(_xlfn.XLOOKUP(Table2[[#This Row],[Team]],Judge4[Team],Judge4[Transformational Value]):_xlfn.XLOOKUP(Table2[[#This Row],[Team]],Judge4[Team],Judge4[Would you sponsor it?])) -> 0 | K22: =(SUM(Table2[[#This Row],[Judge1]:[Judge2]])) / Config!$D$3 -> 0

Sheet Judge1
A1: <Judge Name>
A2: Team | B2: Name | C2: Transformational Value | D2: Business Impact | E2: Adoption Potential | F2: Workflow Design | G2: Presentation | H2: Would you sponsor it?
A3: 1
A4: 2
A5: 3
A6: 4
A7: 5
A8: 6
A9: 7
A10: 8
A11: 9
A12: 10
A13: 11
A14: 12
... A22: 20

Sheet Judge2
A1: <Judge Name>
A2: Team | B2: Name | C2: Transformational Value | D2: Business Impact | E2: Adoption Potential | F2: Workflow Design | G2: Presentation | H2: Would you sponsor it?
A3: 1
A4: 2
A5: 3
A6: 4
A7: 5
A8: 6
A9: 7
A10: 8
A11: 9
A12: 10
A13: 11
A14: 12
... A22: 20

Sheet Judge3
A1: <Judge Name>
A2: Team | B2: Name | C2: Transformational Value | D2: Business Impact | E2: Adoption Potential | F2: Workflow Design | G2: Presentation | H2: Would you sponsor it?
A3: 1
A4: 2
A5: 3
A6: 4
A7: 5
A8: 6
A9: 7
A10: 8
A11: 9
A12: 10
A13: 11
A14: 12
... A22: 20

Sheet Judge4
A1: <Judge Name>
A2: Team | B2: Name | C2: Transformational Value | D2: Business Impact | E2: Adoption Potential | F2: Workflow Design | G2: Presentation | H2: Would you sponsor it?
A3: 1
A4: 2
A5: 3
A6: 4
A7: 5
A8: 6
A9: 7
A10: 8
A11: 9
A12: 10
A13: 11
A14: 12
... A22: 20

Sheet Judge5
A1: <Judge Name>
A2: Team | B2: Name | C2: Transformational Value | D2: Business Impact | E2: Adoption Potential | F2: Workflow Design | G2: Presentation | H2: Would you sponsor it?
A3: 1
A4: 2
A5: 3
A6: 4
A7: 5
A8: 6
A9: 7
A10: 8
A11: 9
A12: 10
A13: 11
A14: 12
... A22: 20

Sheet Completed Sample
A1: John Smith
A2: Team | B2: Name | C2: Transformational Value | D2: Business Impact | E2: Adoption Potential | F2: Workflow Design | G2: Presentation | H2: Would you sponsor it?
A3: 1 | B3: Team 1 | C3: 4 | D3: 9 | E3: 3 | F3: 2 | G3: 10 | H3: 10
A4: 2 | B4: Team 2 | C4: 8 | D4: 5 | E4: 7 | F4: 6 | G4: 10 | H4: 4
A5: 3 | B5: Team 3 | C5: 4 | D5: 2 | E5: 9 | F5: 2 | G5: 7 | H5: 7
A6: 4 | B6: Team 4 | C6: 7 | D6: 2 | E6: 3 | F6: 2 | G6: 5 | H6: 2
A7: 5 | B7: Team 5 | C7: 7 | D7: 5 | E7: 6 | F7: 7 | G7: 5 | H7: 6
A8: 6 | B8: Team 6 | C8: 2 | D8: 4 | E8: 4 | F8: 8 | G8: 6 | H8: 6
A9: 7 | B9: Team 7 | C9: 9 | D9: 3 | E9: 9 | F9: 10 | G9: 4 | H9: 8
A10: 8 | B10: Team 8 | C10: 8 | D10: 7 | E10: 7 | F10: 2 | G10: 7 | H10: 10
A11: 9 | B11: Team 9 | C11: 8 | D11: 2 | E11: 10 | F11: 4 | G11: 10 | H11: 8
A12: 10 | B12: Team 10 | C12: 6 | D12: 2 | E12: 2 | F12: 9 | G12: 2 | H12: 5
A13: 11 | B13: Team 11 | C13: 5 | D13: 6 | E13: 8 | F13: 8 | G13: 8 | H13: 6
A14: 12 | B14: Team 12 | C14: 9 | D14: 3 | E14: 10 | F14: 6 | G14: 9 | H14: 6
... A17: 15 | B17: Team 15 | C17: 9 | D17: 5 | E17: 2 | F17: 6 | G17: 5 | H17: 5

Sheet Config
B3: Number of Judges | D3: 2
